System,Score,FAR,FRR
Proposed (Rank 1st),0.00821,0.00321,0.005
Rank 2nd Team,0.009801,0.004801,0.005
Rank 3rd Team,0.010533,0.003033,0.0075
Rank 4th Team,0.099282,0.020282,0.079
Rank 5th Team,0.112711,0.038878,0.073833
Official Baseline,0.130306,0.028639,0.101667
