System,Score,FAR,FRR
ASR result2,0.021101,0.001601,0.0195
2branch-d2v2,0.011934,0.004434,0.0075
+ASR filter,0.010822,0.003322,0.0075
